End Station Id,End Station Longitude,End Station Latitude,zip_codes,Total Population,Percent Female,Percent Male,Percent Bachelors Holders,Percent In Poverty
72,-73.99392888,40.76727216,10019,43687,48.48124156,48.64605031,29.18030535,11.49541053
173,-73.98452729,40.76068327,10019,43687,48.48124156,48.64605031,29.18030535,11.49541053
281,-73.97371465,40.7643971,10019,43687,48.48124156,48.64605031,29.18030535,11.49541053
422,-73.988038,40.770513,10019,43687,48.48124156,48.64605031,29.18030535,11.49541053
423,-73.98690506,40.76584941,10019,43687,48.48124156,48.64605031,29.18030535,11.49541053
447,-73.9851615,40.76370739,10019,43687,48.48124156,48.64605031,29.18030535,11.49541053
450,-73.98788205,40.76227205,10019,43687,48.48124156,48.64605031,29.18030535,11.49541053
468,-73.98192338,40.7652654,10019,43687,48.48124156,48.64605031,29.18030535,11.49541053
469,-73.98268129,40.76344058,10019,43687,48.48124156,48.64605031,29.18030535,11.49541053
480,-73.99061728,40.76669671,10019,43687,48.48124156,48.64605031,29.18030535,11.49541053
500,-73.98336183,40.76228826,10019,43687,48.48124156,48.64605031,29.18030535,11.49541053
513,-73.988639,40.768254,10019,43687,48.48124156,48.64605031,29.18030535,11.49541053
520,-73.97648516,40.75992262,10019,43687,48.48124156,48.64605031,29.18030535,11.49541053
530,-73.99046034,40.77149671,10019,43687,48.48124156,48.64605031,29.18030535,11.49541053
2006,-73.97634151,40.76590936,10019,43687,48.48124156,48.64605031,29.18030535,11.49541053
3443,-73.97982001,40.76132983,10019,43687,48.48124156,48.64605031,29.18030535,11.49541053
3699,-73.98917958,40.76360468,10019,43687,48.48124156,48.64605031,29.18030535,11.49541053
3724,-73.979069,40.76674056,10019,43687,48.48124156,48.64605031,29.18030535,11.49541053
3809,-73.978458,40.763201,10019,43687,48.48124156,48.64605031,29.18030535,11.49541053
79,-74.00666661,40.71911552,10013,27379,47.36111618,48.57372439,22.06800833,12.21008802
146,-74.0091059,40.71625008,10013,27379,47.36111618,48.57372439,22.06800833,12.21008802
248,-74.00771779,40.72185379,10013,27379,47.36111618,48.57372439,22.06800833,12.21008802
249,-74.0090009,40.71870987,10013,27379,47.36111618,48.57372439,22.06800833,12.21008802
257,-74.00247214,40.71939226,10013,27379,47.36111618,48.57372439,22.06800833,12.21008802
268,-73.99973337,40.71910537,10013,27379,47.36111618,48.57372439,22.06800833,12.21008802
276,-74.0104554,40.71748752,10013,27379,47.36111618,48.57372439,22.06800833,12.21008802
320,-74.005549,40.717571,10013,27379,47.36111618,48.57372439,22.06800833,12.21008802
328,-74.00965965,40.72405549,10013,27379,47.36111618,48.57372439,22.06800833,12.21008802
355,-73.99974372,40.71602118,10013,27379,47.36111618,48.57372439,22.06800833,12.21008802
377,-74.00566443,40.72243797,10013,27379,47.36111618,48.57372439,22.06800833,12.21008802
386,-74.00234482,40.71494807,10013,27379,47.36111618,48.57372439,22.06800833,12.21008802
3435,-73.99596,40.718822,10013,27379,47.36111618,48.57372439,22.06800833,12.21008802
3664,-74.01030064,40.72019521,10013,27379,47.36111618,48.57372439,22.06800833,12.21008802
3746,-74.00473036,40.72430832,10013,27379,47.36111618,48.57372439,22.06800833,12.21008802
82,-74.00016545,40.71117416,10038,26414,50.09843265,44.91936094,17.10835163,19.5388809
224,-74.00552427,40.71146364,10038,26414,50.09843265,44.91936094,17.10835163,19.5388809
264,-74.00731853,40.70706456,10038,26414,50.09843265,44.91936094,17.10835163,19.5388809
279,-74.00167,40.707873,10038,26414,50.09843265,44.91936094,17.10835163,19.5388809
308,-73.99851193,40.71307916,10038,26414,50.09843265,44.91936094,17.10835163,19.5388809
316,-74.00653609,40.70955958,10038,26414,50.09843265,44.91936094,17.10835163,19.5388809
351,-74.00612572,40.70530954,10038,26414,50.09843265,44.91936094,17.10835163,19.5388809
376,-74.00722156,40.70862144,10038,26414,50.09843265,44.91936094,17.10835163,19.5388809
2009,-73.99682619,40.71117444,10038,26414,50.09843265,44.91936094,17.10835163,19.5388809
3783,-74.00495,40.70838,10038,26414,50.09843265,44.91936094,17.10835163,19.5388809
83,-73.97632328,40.68382604,11217,36663,52.1561247,44.57900335,23.08321741,12.7076344
241,-73.97493121,40.68981035,11217,36663,52.1561247,44.57900335,23.08321741,12.7076344
243,-73.979458,40.68841,11217,36663,52.1561247,44.57900335,23.08321741,12.7076344
274,-73.976682,40.68691865,11217,36663,52.1561247,44.57900335,23.08321741,12.7076344
298,-73.9796772,40.68683208,11217,36663,52.1561247,44.57900335,23.08321741,12.7076344
353,-73.97431458,40.68539567,11217,36663,52.1561247,44.57900335,23.08321741,12.7076344
467,-73.97895137,40.68312489,11217,36663,52.1561247,44.57900335,23.08321741,12.7076344
3332,-73.99079025,40.68199044,11217,36663,52.1561247,44.57900335,23.08321741,12.7076344
3339,-73.97846879,40.6765304,11217,36663,52.1561247,44.57900335,23.08321741,12.7076344
3346,-73.9752321,40.67514684,11217,36663,52.1561247,44.57900335,23.08321741,12.7076344
3349,-73.97087984,40.6729679,11217,36663,52.1561247,44.57900335,23.08321741,12.7076344
3410,-73.98759104,40.6864442,11217,36663,52.1561247,44.57900335,23.08321741,12.7076344
3411,-73.98620772,40.6849668,11217,36663,52.1561247,44.57900335,23.08321741,12.7076344
3412,-73.98302136,40.6853761,11217,36663,52.1561247,44.57900335,23.08321741,12.7076344
3413,-73.98258555,40.6827549,11217,36663,52.1561247,44.57900335,23.08321741,12.7076344
3414,-73.97567332,40.68094472,11217,36663,52.1561247,44.57900335,23.08321741,12.7076344
3415,-73.97519523,40.6793307,11217,36663,52.1561247,44.57900335,23.08321741,12.7076344
3416,-73.97324283,40.6776147,11217,36663,52.1561247,44.57900335,23.08321741,12.7076344
3417,-73.97854971,40.6795766,11217,36663,52.1561247,44.57900335,23.08321741,12.7076344
3418,-73.97111473,40.6750207,11217,36663,52.1561247,44.57900335,23.08321741,12.7076344
3419,-73.98154004,40.6792788,11217,36663,52.1561247,44.57900335,23.08321741,12.7076344
3420,-73.98432695,40.6802133,11217,36663,52.1561247,44.57900335,23.08321741,12.7076344
3429,-73.9779076,40.68506807,11217,36663,52.1561247,44.57900335,23.08321741,12.7076344
3720,-73.98721285,40.68461654,11217,36663,52.1561247,44.57900335,23.08321741,12.7076344
116,-74.00149746,40.74177603,10011,48550,46.97425335,49.62512873,31.16168898,10.07826982
168,-73.99456405,40.73971301,10011,48550,46.97425335,49.62512873,31.16168898,10.07826982
212,-74.00681753,40.74334935,10011,48550,46.97425335,49.62512873,31.16168898,10.07826982
223,-73.99994661,40.73781509,10011,48550,46.97425335,49.62512873,31.16168898,10.07826982
252,-73.99852205,40.73226398,10011,48550,46.97425335,49.62512873,31.16168898,10.07826982
254,-73.99800419,40.73532427,10011,48550,46.97425335,49.62512873,31.16168898,10.07826982
334,-73.99726235,40.74238787,10011,48550,46.97425335,49.62512873,31.16168898,10.07826982
369,-74.00026394,40.73224119,10011,48550,46.97425335,49.62512873,31.16168898,10.07826982
383,-74.000271,40.735238,10011,48550,46.97425335,49.62512873,31.16168898,10.07826982
434,-74.00366443,40.74317449,10011,48550,46.97425335,49.62512873,31.16168898,10.07826982
435,-73.99415556,40.74173969,10011,48550,46.97425335,49.62512873,31.16168898,10.07826982
446,-73.99529885,40.74487634,10011,48550,46.97425335,49.62512873,31.16168898,10.07826982
453,-73.99915362,40.74475148,10011,48550,46.97425335,49.62512873,31.16168898,10.07826982
459,-74.007756,40.746745,10011,48550,46.97425335,49.62512873,31.16168898,10.07826982
462,-74.00451887,40.74691959,10011,48550,46.97425335,49.62512873,31.16168898,10.07826982
470,-74.00004031,40.74345335,10011,48550,46.97425335,49.62512873,31.16168898,10.07826982
482,-73.99931783,40.73935542,10011,48550,46.97425335,49.62512873,31.16168898,10.07826982
509,-74.00197139,40.7454973,10011,48550,46.97425335,49.62512873,31.16168898,10.07826982
3472,-74.00747359,40.74275383,10011,48550,46.97425335,49.62512873,31.16168898,10.07826982
3658,-74.00367558,40.74353373,10011,48550,46.97425335,49.62512873,31.16168898,10.07826982
3708,-73.99431,40.735445,10011,48550,46.97425335,49.62512873,31.16168898,10.07826982
119,-73.97803415,40.69608941,11205,40615,51.77397513,45.47334729,12.03496245,32.31564693
242,-73.973736,40.697787,11205,40615,51.77397513,45.47334729,12.03496245,32.31564693
244,-73.96536851,40.69196035,11205,40615,51.77397513,45.47334729,12.03496245,32.31564693
245,-73.97703874,40.69327018,11205,40615,51.77397513,45.47334729,12.03496245,32.31564693
258,-73.96885458,40.68940747,11205,40615,51.77397513,45.47334729,12.03496245,32.31564693
262,-73.9737299,40.6917823,11205,40615,51.77397513,45.47334729,12.03496245,32.31564693
270,-73.97178913,40.69308257,11205,40615,51.77397513,45.47334729,12.03496245,32.31564693
313,-73.96751037,40.69610226,11205,40615,51.77397513,45.47334729,12.03496245,32.31564693
343,-73.96986848,40.69794,11205,40615,51.77397513,45.47334729,12.03496245,32.31564693
354,-73.96223558,40.69363137,11205,40615,51.77397513,45.47334729,12.03496245,32.31564693
364,-73.96023854,40.68900443,11205,40615,51.77397513,45.47334729,12.03496245,32.31564693
366,-73.968896,40.693261,11205,40615,51.77397513,45.47334729,12.03496245,32.31564693
372,-73.95801365,40.69454609,11205,40615,51.77397513,45.47334729,12.03496245,32.31564693
373,-73.95381995,40.69331716,11205,40615,51.77397513,45.47334729,12.03496245,32.31564693
399,-73.9647628,40.68851534,11205,40615,51.77397513,45.47334729,12.03496245,32.31564693
419,-73.97355569,40.69580705,11205,40615,51.77397513,45.47334729,12.03496245,32.31564693
421,-73.97129668,40.69573398,11205,40615,51.77397513,45.47334729,12.03496245,32.31564693
3063,-73.95238108,40.69527008,11205,40615,51.77397513,45.47334729,12.03496245,32.31564693
3648,-73.9707756,40.69795032,11205,40615,51.77397513,45.47334729,12.03496245,32.31564693
3692,-73.97440128,40.69999748,11205,40615,51.77397513,45.47334729,12.03496245,32.31564693
3755,-73.95746179,40.69064807,11205,40615,51.77397513,45.47334729,12.03496245,32.31564693
3787,-73.97141,40.69985,11205,40615,51.77397513,45.47334729,12.03496245,32.31564693
120,-73.95928168,40.68676793,11238,56765,52.2152735,44.31427816,21.93252885,15.41971285
275,-73.96563307,40.68650065,11238,56765,52.2152735,44.31427816,21.93252885,15.41971285
289,-73.95881081,40.6845683,11238,56765,52.2152735,44.31427816,21.93252885,15.41971285
396,-73.95576894,40.68034242,11238,56765,52.2152735,44.31427816,21.93252885,15.41971285
397,-73.96922273,40.68415748,11238,56765,52.2152735,44.31427816,21.93252885,15.41971285
416,-73.97265183,40.68753406,11238,56765,52.2152735,44.31427816,21.93252885,15.41971285
420,-73.96968902,40.68764484,11238,56765,52.2152735,44.31427816,21.93252885,15.41971285
3049,-73.96304,40.68488,11238,56765,52.2152735,44.31427816,21.93252885,15.41971285
3537,-73.9710097,40.6809741,11238,56765,52.2152735,44.31427816,21.93252885,15.41971285
3544,-73.9646795,40.6804836,11238,56765,52.2152735,44.31427816,21.93252885,15.41971285
3546,-73.9587903,40.6791944,11238,56765,52.2152735,44.31427816,21.93252885,15.41971285
3549,-73.962408,40.678045,11238,56765,52.2152735,44.31427816,21.93252885,15.41971285
3558,-73.9680438,40.6794388,11238,56765,52.2152735,44.31427816,21.93252885,15.41971285
3562,-73.9596082,40.6765198,11238,56765,52.2152735,44.31427816,21.93252885,15.41971285
3569,-73.9561677,40.6758324,11238,56765,52.2152735,44.31427816,21.93252885,15.41971285
3574,-73.96579,40.6769694,11238,56765,52.2152735,44.31427816,21.93252885,15.41971285
3576,-73.969024,40.6767,11238,56765,52.2152735,44.31427816,21.93252885,15.41971285
3580,-73.9631611,40.6737236,11238,56765,52.2152735,44.31427816,21.93252885,15.41971285
3581,-73.9671457,40.6740123,11238,56765,52.2152735,44.31427816,21.93252885,15.41971285
3582,-73.9609,40.6721683,11238,56765,52.2152735,44.31427816,21.93252885,15.41971285
3583,-73.9631145,40.6716493,11238,56765,52.2152735,44.31427816,21.93252885,15.41971285
3637,-73.96599591,40.68323866,11238,56765,52.2152735,44.31427816,21.93252885,15.41971285
3673,-73.95563722,40.67759207,11238,56765,52.2152735,44.31427816,21.93252885,15.41971285
3789,-73.959432,40.68186,11238,56765,52.2152735,44.31427816,21.93252885,15.41971285
127,-74.00674436,40.73172428,10014,32265,49.6172323,47.32992407,35.74771424,6.787540679
238,-74.00859207,40.7361967,10014,32265,49.6172323,47.32992407,35.74771424,6.787540679
247,-74.00483091,40.73535398,10014,32265,49.6172323,47.32992407,35.74771424,6.787540679
284,-74.00263761,40.73901691,10014,32265,49.6172323,47.32992407,35.74771424,6.787540679
346,-74.00618026,40.73652889,10014,32265,49.6172323,47.32992407,35.74771424,6.787540679
347,-74.008591,40.728846,10014,32265,49.6172323,47.32992407,35.74771424,6.787540679
358,-74.00711384,40.73291553,10014,32265,49.6172323,47.32992407,35.74771424,6.787540679
368,-74.00214988,40.73038599,10014,32265,49.6172323,47.32992407,35.74771424,6.787540679
380,-74.00293877,40.73401143,10014,32265,49.6172323,47.32992407,35.74771424,6.787540679
405,-74.008119,40.739323,10014,32265,49.6172323,47.32992407,35.74771424,6.787540679
3256,-74.01129574,40.72771408,10014,32265,49.6172323,47.32992407,35.74771424,6.787540679
3686,-74.00507033,40.7394482,10014,32265,49.6172323,47.32992407,35.74771424,6.787540679
128,-74.00297088,40.72710258,10012,26151,49.13005239,46.7553822,31.7272762,10.55791366
151,-73.99724901,40.72210379,10012,26151,49.13005239,46.7553822,31.7272762,10.55791366
161,-73.99810231,40.72917025,10012,26151,49.13005239,46.7553822,31.7272762,10.55791366
229,-73.99379025,40.72743423,10012,26151,49.13005239,46.7553822,31.7272762,10.55791366
250,-73.99565293,40.72456089,10012,26151,49.13005239,46.7553822,31.7272762,10.55791366
251,-73.99480012,40.72317958,10012,26151,49.13005239,46.7553822,31.7272762,10.55791366
303,-73.99949601,40.72362738,10012,26151,49.13005239,46.7553822,31.7272762,10.55791366
336,-73.99906065,40.73047747,10012,26151,49.13005239,46.7553822,31.7272762,10.55791366
3260,-73.99662137,40.72706363,10012,26151,49.13005239,46.7553822,31.7272762,10.55791366
3427,-73.99600983,40.72430527,10012,26151,49.13005239,46.7553822,31.7272762,10.55791366
3467,-74.00165856,40.72494672,10012,26151,49.13005239,46.7553822,31.7272762,10.55791366
143,-73.99337909,40.69239502,11201,52475,50.95569319,46.81848499,24.1181515,12.08194378
144,-73.98068914,40.69839895,11201,52475,50.95569319,46.81848499,24.1181515,12.08194378
157,-73.99612349,40.69089272,11201,52475,50.95569319,46.81848499,24.1181515,12.08194378
216,-73.99548059,40.70037867,11201,52475,50.95569319,46.81848499,24.1181515,12.08194378
217,-73.99383605,40.70277159,11201,52475,50.95569319,46.81848499,24.1181515,12.08194378
239,-73.9813018,40.69196566,11201,52475,50.95569319,46.81848499,24.1181515,12.08194378
261,-73.98362464,40.69474881,11201,52475,50.95569319,46.81848499,24.1181515,12.08194378
278,-73.98476437,40.69766564,11201,52475,50.95569319,46.81848499,24.1181515,12.08194378
310,-73.98912867,40.68926942,11201,52475,50.95569319,46.81848499,24.1181515,12.08194378
314,-73.990539,40.69383,11201,52475,50.95569319,46.81848499,24.1181515,12.08194378
321,-73.98971773,40.69991755,11201,52475,50.95569319,46.81848499,24.1181515,12.08194378
323,-73.98631746,40.69236178,11201,52475,50.95569319,46.81848499,24.1181515,12.08194378
324,-73.981013,40.689888,11201,52475,50.95569319,46.81848499,24.1181515,12.08194378
390,-73.9842844,40.69221589,11201,52475,50.95569319,46.81848499,24.1181515,12.08194378
391,-73.99344559,40.69760127,11201,52475,50.95569319,46.81848499,24.1181515,12.08194378
392,-73.987167,40.695065,11201,52475,50.95569319,46.81848499,24.1181515,12.08194378
398,-73.9999786,40.69165183,11201,52475,50.95569319,46.81848499,24.1181515,12.08194378
406,-73.99595065,40.69512845,11201,52475,50.95569319,46.81848499,24.1181515,12.08194378
418,-73.982578,40.70224,11201,52475,50.95569319,46.81848499,24.1181515,12.08194378
2000,-73.98940236,40.70255088,11201,52475,50.95569319,46.81848499,24.1181515,12.08194378
3232,-73.98304269,40.68962189,11201,52475,50.95569319,46.81848499,24.1181515,12.08194378
3242,-73.99183363,40.69102926,11201,52475,50.95569319,46.81848499,24.1181515,12.08194378
3298,-73.99383324,40.686371,11201,52475,50.95569319,46.81848499,24.1181515,12.08194378
3402,-73.99203074,40.6902375,11201,52475,50.95569319,46.81848499,24.1181515,12.08194378
3408,-73.99520919,40.6881529,11201,52475,50.95569319,46.81848499,24.1181515,12.08194378
3409,-73.99063168,40.6867443,11201,52475,50.95569319,46.81848499,24.1181515,12.08194378
3440,-73.98949474,40.69241829,11201,52475,50.95569319,46.81848499,24.1181515,12.08194378
3486,-73.98451656,40.68841743,11201,52475,50.95569319,46.81848499,24.1181515,12.08194378
3674,-73.9867267,40.70140317,11201,52475,50.95569319,46.81848499,24.1181515,12.08194378
3723,-73.99015725,40.69531728,11201,52475,50.95569319,46.81848499,24.1181515,12.08194378
3728,-73.99344027,40.69535693,11201,52475,50.95569319,46.81848499,24.1181515,12.08194378
3782,-73.997178,40.698458,11201,52475,50.95569319,46.81848499,24.1181515,12.08194378
3790,-73.991581,40.7003,11201,52475,50.95569319,46.81848499,24.1181515,12.08194378
3804,-73.986842,40.702461,11201,52475,50.95569319,46.81848499,24.1181515,12.08194378
150,-73.98085795,40.7208736,10009,66226,52.11699333,44.63956754,25.55340803,18.31304926
266,-73.97574813,40.72368361,10009,66226,52.11699333,44.63956754,25.55340803,18.31304926
301,-73.98368779,40.72217444,10009,66226,52.11699333,44.63956754,25.55340803,18.31304926
302,-73.97793172,40.72082834,10009,66226,52.11699333,44.63956754,25.55340803,18.31304926
317,-73.98185424,40.72453734,10009,66226,52.11699333,44.63956754,25.55340803,18.31304926
339,-73.97422494,40.72580614,10009,66226,52.11699333,44.63956754,25.55340803,18.31304926
393,-73.97995466,40.72299208,10009,66226,52.11699333,44.63956754,25.55340803,18.31304926
394,-73.97768752,40.72521311,10009,66226,52.11699333,44.63956754,25.55340803,18.31304926
411,-73.97668709,40.72228087,10009,66226,52.11699333,44.63956754,25.55340803,18.31304926
432,-73.98379855,40.72621788,10009,66226,52.11699333,44.63956754,25.55340803,18.31304926
445,-73.98142006,40.72740794,10009,66226,52.11699333,44.63956754,25.55340803,18.31304926
487,-73.97573881,40.73314259,10009,66226,52.11699333,44.63956754,25.55340803,18.31304926
504,-73.98165557,40.73221853,10009,66226,52.11699333,44.63956754,25.55340803,18.31304926
2003,-73.98054421,40.73381219,10009,66226,52.11699333,44.63956754,25.55340803,18.31304926
3656,-73.98583621,40.72307749,10009,66226,52.11699333,44.63956754,25.55340803,18.31304926
3711,-73.98067966,40.72966729,10009,66226,52.11699333,44.63956754,25.55340803,18.31304926
3718,-73.97950418,40.72746421,10009,66226,52.11699333,44.63956754,25.55340803,18.31304926
3733,-73.973984,40.730563,10009,66226,52.11699333,44.63956754,25.55340803,18.31304926
3793,-73.97898383,40.73233978,10009,66226,52.11699333,44.63956754,25.55340803,18.31304926
164,-73.97032517,40.75323098,10017,16351,53.49519907,43.6487065,34.31594398,7.583634028
228,-73.97187886,40.7546011,10017,16351,53.49519907,43.6487065,34.31594398,7.583634028
359,-73.97498696,40.75510267,10017,16351,53.49519907,43.6487065,34.31594398,7.583634028
440,-73.97282625,40.75255434,10017,16351,53.49519907,43.6487065,34.31594398,7.583634028
455,-73.96905301,40.75001986,10017,16351,53.49519907,43.6487065,34.31594398,7.583634028
516,-73.96784384,40.75206862,10017,16351,53.49519907,43.6487065,34.31594398,7.583634028
2017,-73.97121414,40.75022392,10017,16351,53.49519907,43.6487065,34.31594398,7.583634028
3233,-73.97805914,40.75724568,10017,16351,53.49519907,43.6487065,34.31594398,7.583634028
3235,-73.97992194,40.75216528,10017,16351,53.49519907,43.6487065,34.31594398,7.583634028
167,-73.97604882,40.7489006,10016,55324,52.81071506,44.00260285,32.87361724,8.209818524
472,-73.98194829,40.7457121,10016,55324,52.81071506,44.00260285,32.87361724,8.209818524
474,-73.98683077,40.7451677,10016,55324,52.81071506,44.00260285,32.87361724,8.209818524
476,-73.97966069,40.74394314,10016,55324,52.81071506,44.00260285,32.87361724,8.209818524
501,-73.97121214,40.744219,10016,55324,52.81071506,44.00260285,32.87361724,8.209818524
518,-73.9734419,40.74780373,10016,55324,52.81071506,44.00260285,32.87361724,8.209818524
526,-73.98490707,40.74765947,10016,55324,52.81071506,44.00260285,32.87361724,8.209818524
528,-73.97706058,40.74290902,10016,55324,52.81071506,44.00260285,32.87361724,8.209818524
536,-73.97536082,40.74144387,10016,55324,52.81071506,44.00260285,32.87361724,8.209818524
540,-73.98215354,40.74311555,10016,55324,52.81071506,44.00260285,32.87361724,8.209818524
546,-73.98303529,40.74444921,10016,55324,52.81071506,44.00260285,32.87361724,8.209818524
2012,-73.976806,40.739445,10016,55324,52.81071506,44.00260285,32.87361724,8.209818524
3687,-73.97449784,40.74322681,10016,55324,52.81071506,44.00260285,32.87361724,8.209818524
3707,-73.983293,40.741459,10016,55324,52.81071506,44.00260285,32.87361724,8.209818524
3749,-73.97880077,40.74757396,10016,55324,52.81071506,44.00260285,32.87361724,8.209818524
174,-73.97738662,40.7381765,10010,35121,49.7878762,44.38654936,26.71051508,11.45183793
402,-73.98955109,40.7403432,10010,35121,49.7878762,44.38654936,26.71051508,11.45183793
466,-73.99144871,40.74395411,10010,35121,49.7878762,44.38654936,26.71051508,11.45183793
491,-73.98602213,40.74096374,10010,35121,49.7878762,44.38654936,26.71051508,11.45183793
507,-73.97973776,40.73912601,10010,35121,49.7878762,44.38654936,26.71051508,11.45183793
545,-73.97809472,40.736502,10010,35121,49.7878762,44.38654936,26.71051508,11.45183793
3641,-73.98918629,40.74286877,10010,35121,49.7878762,44.38654936,26.71051508,11.45183793
195,-74.01043382,40.70905623,10005,9135,50.41050903,46.84181719,31.34099617,9.206349206
315,-74.00670227,40.70355377,10005,9135,50.41050903,46.84181719,31.34099617,9.206349206
337,-74.00838676,40.7037992,10005,9135,50.41050903,46.84181719,31.34099617,9.206349206
360,-74.00887308,40.70717936,10005,9135,50.41050903,46.84181719,31.34099617,9.206349206
236,-73.98713956,40.7284186,10003,60256,49.14199416,44.44702602,26.48366968,9.685342539
237,-73.98672378,40.73047309,10003,60256,49.14199416,44.44702602,26.48366968,9.685342539
280,-73.99510132,40.73331967,10003,60256,49.14199416,44.44702602,26.48366968,9.685342539
285,-73.99074142,40.73454567,10003,60256,49.14199416,44.44702602,26.48366968,9.685342539
293,-73.99102628,40.73020661,10003,60256,49.14199416,44.44702602,26.48366968,9.685342539
297,-73.986923,40.734232,10003,60256,49.14199416,44.44702602,26.48366968,9.685342539
325,-73.98473765,40.73624527,10003,60256,49.14199416,44.44702602,26.48366968,9.685342539
326,-73.98426726,40.72953837,10003,60256,49.14199416,44.44702602,26.48366968,9.685342539
335,-73.99404649,40.72903917,10003,60256,49.14199416,44.44702602,26.48366968,9.685342539
382,-73.99200509,40.73492695,10003,60256,49.14199416,44.44702602,26.48366968,9.685342539
403,-73.99069656,40.72502876,10003,60256,49.14199416,44.44702602,26.48366968,9.685342539
438,-73.98564945,40.72779126,10003,60256,49.14199416,44.44702602,26.48366968,9.685342539
439,-73.98978041,40.7262807,10003,60256,49.14199416,44.44702602,26.48366968,9.685342539
461,-73.98205027,40.73587678,10003,60256,49.14199416,44.44702602,26.48366968,9.685342539
483,-73.98889957,40.73223272,10003,60256,49.14199416,44.44702602,26.48366968,9.685342539
496,-73.99238967,40.73726186,10003,60256,49.14199416,44.44702602,26.48366968,9.685342539
497,-73.99009296,40.73704984,10003,60256,49.14199416,44.44702602,26.48366968,9.685342539
503,-73.98751968,40.73827428,10003,60256,49.14199416,44.44702602,26.48366968,9.685342539
3244,-73.99490342,40.73143724,10003,60256,49.14199416,44.44702602,26.48366968,9.685342539
3263,-73.9907527,40.72951496,10003,60256,49.14199416,44.44702602,26.48366968,9.685342539
3463,-73.98797393,40.73536706,10003,60256,49.14199416,44.44702602,26.48366968,9.685342539
3788,-73.98974,40.73269,10003,60256,49.14199416,44.44702602,26.48366968,9.685342539
259,-74.01234218,40.70122128,10004,2237,48.10013411,49.12829683,28.92266428,6.616003576
260,-74.01167797,40.70365182,10004,2237,48.10013411,49.12829683,28.92266428,6.616003576
304,-74.01361706,40.70463334,10004,2237,48.10013411,49.12829683,28.92266428,6.616003576
415,-74.00926027,40.7047177,10004,2237,48.10013411,49.12829683,28.92266428,6.616003576
427,-74.013942,40.701907,10004,2237,48.10013411,49.12829683,28.92266428,6.616003576
534,-74.0127234,40.70255065,10004,2237,48.10013411,49.12829683,28.92266428,6.616003576
2008,-74.01677685,40.70569254,10004,2237,48.10013411,49.12829683,28.92266428,6.616003576
3479,-74.02535319,40.6851256,10004,2237,48.10013411,49.12829683,28.92266428,6.616003576
265,-73.99147535,40.72229346,10002,87686,51.32404261,45.57512032,14.96932235,27.28485733
291,-73.984844,40.713126,10002,87686,51.32404261,45.57512032,14.96932235,27.28485733
295,-73.99293911,40.71406667,10002,87686,51.32404261,45.57512032,14.96932235,27.28485733
296,-73.9970468,40.71413089,10002,87686,51.32404261,45.57512032,14.96932235,27.28485733
307,-73.98990025,40.71427487,10002,87686,51.32404261,45.57512032,14.96932235,27.28485733
311,-73.98802084,40.7172274,10002,87686,51.32404261,45.57512032,14.96932235,27.28485733
312,-73.989111,40.722055,10002,87686,51.32404261,45.57512032,14.96932235,27.28485733
331,-73.99193043,40.71173107,10002,87686,51.32404261,45.57512032,14.96932235,27.28485733
332,-73.97948148,40.71219906,10002,87686,51.32404261,45.57512032,14.96932235,27.28485733
340,-73.98776323,40.71269042,10002,87686,51.32404261,45.57512032,14.96932235,27.28485733
341,-73.97628939,40.71782143,10002,87686,51.32404261,45.57512032,14.96932235,27.28485733
342,-73.98016555,40.71739973,10002,87686,51.32404261,45.57512032,14.96932235,27.28485733
349,-73.98329859,40.71850211,10002,87686,51.32404261,45.57512032,14.96932235,27.28485733
350,-73.9870295,40.71559509,10002,87686,51.32404261,45.57512032,14.96932235,27.28485733
356,-73.98261206,40.71622644,10002,87686,51.32404261,45.57512032,14.96932235,27.28485733
361,-73.99190759,40.71605866,10002,87686,51.32404261,45.57512032,14.96932235,27.28485733
400,-73.98178024,40.71926081,10002,87686,51.32404261,45.57512032,14.96932235,27.28485733
401,-73.98997825,40.72019576,10002,87686,51.32404261,45.57512032,14.96932235,27.28485733
408,-73.99400398,40.71076228,10002,87686,51.32404261,45.57512032,14.96932235,27.28485733
410,-73.98517977,40.72066442,10002,87686,51.32404261,45.57512032,14.96932235,27.28485733
412,-73.99422366,40.7158155,10002,87686,51.32404261,45.57512032,14.96932235,27.28485733
473,-73.9919254,40.72110063,10002,87686,51.32404261,45.57512032,14.96932235,27.28485733
502,-73.981346,40.714215,10002,87686,51.32404261,45.57512032,14.96932235,27.28485733
531,-73.99266288,40.71893904,10002,87686,51.32404261,45.57512032,14.96932235,27.28485733
3245,-73.98233056,40.71644423,10002,87686,51.32404261,45.57512032,14.96932235,27.28485733
3737,-73.986274,40.720747,10002,87686,51.32404261,45.57512032,14.96932235,27.28485733
267,-73.98765428,40.75097711,10018,5782,46.62746455,48.85852646,25.33725355,17.79661017
362,-73.98753523,40.75172632,10018,5782,46.62746455,48.85852646,25.33725355,17.79661017
448,-73.9979009,40.75660359,10018,5782,46.62746455,48.85852646,25.33725355,17.79661017
485,-73.98338988,40.75038009,10018,5782,46.62746455,48.85852646,25.33725355,17.79661017
514,-74.00277668,40.76087502,10018,5782,46.62746455,48.85852646,25.33725355,17.79661017
523,-73.99138152,40.75466591,10018,5782,46.62746455,48.85852646,25.33725355,17.79661017
533,-73.98721619,40.75299641,10018,5782,46.62746455,48.85852646,25.33725355,17.79661017
3798,-73.982079,40.752269,10018,5782,46.62746455,48.85852646,25.33725355,17.79661017
282,-73.96841526,40.70764494,11249,33081,48.65935129,47.61041081,14.06547565,34.88709531
389,-73.96525063,40.71044554,11249,33081,48.65935129,47.61041081,14.06547565,34.88709531
443,-73.96408963,40.70853074,11249,33081,48.65935129,47.61041081,14.06547565,34.88709531
460,-73.96590294,40.71285887,11249,33081,48.65935129,47.61041081,14.06547565,34.88709531
481,-73.96264403,40.71260486,11249,33081,48.65935129,47.61041081,14.06547565,34.88709531
2002,-73.963198,40.716887,11249,33081,48.65935129,47.61041081,14.06547565,34.88709531
2005,-73.97100056,40.70531194,11249,33081,48.65935129,47.61041081,14.06547565,34.88709531
3016,-73.96165073,40.72036775,11249,33081,48.65935129,47.61041081,14.06547565,34.88709531
3092,-73.95852515,40.7190095,11249,33081,48.65935129,47.61041081,14.06547565,34.88709531
3093,-73.95850939,40.71745169,11249,33081,48.65935129,47.61041081,14.06547565,34.88709531
3101,-73.95484712,40.72079821,11249,33081,48.65935129,47.61041081,14.06547565,34.88709531
3105,-73.955736,40.724055,11249,33081,48.65935129,47.61041081,14.06547565,34.88709531
3693,-73.95921931,40.72248189,11249,33081,48.65935129,47.61041081,14.06547565,34.88709531
305,-73.96724467,40.76095756,10022,34776,52.88417299,43.99873476,33.39084426,4.005636071
385,-73.96603308,40.75797322,10022,34776,52.88417299,43.99873476,33.39084426,4.005636071
454,-73.96592976,40.75455731,10022,34776,52.88417299,43.99873476,33.39084426,4.005636071
456,-73.97402311,40.7597108,10022,34776,52.88417299,43.99873476,33.39084426,4.005636071
464,-73.96759673,40.75934501,10022,34776,52.88417299,43.99873476,33.39084426,4.005636071
522,-73.97207836,40.75714758,10022,34776,52.88417299,43.99873476,33.39084426,4.005636071
2022,-73.959223,40.759107,10022,34776,52.88417299,43.99873476,33.39084426,4.005636071
3132,-73.97109243,40.76350532,10022,34776,52.88417299,43.99873476,33.39084426,4.005636071
3243,-73.96226227,40.75892386,10022,34776,52.88417299,43.99873476,33.39084426,4.005636071
3457,-73.97209525,40.76302594,10022,34776,52.88417299,43.99873476,33.39084426,4.005636071
3459,-73.96930575,40.75763228,10022,34776,52.88417299,43.99873476,33.39084426,4.005636071
3734,-73.962658,40.759125,10022,34776,52.88417299,43.99873476,33.39084426,4.005636071
309,-74.013012,40.7149787,10007,6993,47.14714715,48.77734878,30.65923066,1.901901902
319,-74.009447,40.711066,10007,6993,47.14714715,48.77734878,30.65923066,1.901901902
330,-74.00562789,40.71450451,10007,6993,47.14714715,48.77734878,30.65923066,1.901901902
387,-74.0046073,40.71273266,10007,6993,47.14714715,48.77734878,30.65923066,1.901901902
417,-74.01020234,40.71291224,10007,6993,47.14714715,48.77734878,30.65923066,1.901901902
3461,-74.01122332,40.71485151,10007,6993,47.14714715,48.77734878,30.65923066,1.901901902
3690,-74.00935516,40.71334184,10007,6993,47.14714715,48.77734878,30.65923066,1.901901902
327,-74.01658354,40.7153379,10282,4686,50.72556551,46.62825437,29.5134443,5.228339735
426,-74.01322069,40.71754834,10282,4686,50.72556551,46.62825437,29.5134443,5.228339735
344,-73.95380904,40.6851443,11216,56209,51.7212546,44.73482894,12.97123236,20.95038161
436,-73.95399026,40.68216564,11216,56209,51.7212546,44.73482894,12.97123236,20.95038161
437,-73.95004798,40.68098339,11216,56209,51.7212546,44.73482894,12.97123236,20.95038161
3044,-73.938475,40.6800105,11216,56209,51.7212546,44.73482894,12.97123236,20.95038161
3046,-73.938037,40.682601,11216,56209,51.7212546,44.73482894,12.97123236,20.95038161
3047,-73.944118,40.6823687,11216,56209,51.7212546,44.73482894,12.97123236,20.95038161
3048,-73.94977,40.68402,11216,56209,51.7212546,44.73482894,12.97123236,20.95038161
3053,-73.947915,40.6900815,11216,56209,51.7212546,44.73482894,12.97123236,20.95038161
3055,-73.950916,40.6883337,11216,56209,51.7212546,44.73482894,12.97123236,20.95038161
3056,-73.95133465,40.69072549,11216,56209,51.7212546,44.73482894,12.97123236,20.95038161
3241,-73.944694,40.686203,11216,56209,51.7212546,44.73482894,12.97123236,20.95038161
3249,-73.9476791,40.68035608,11216,56209,51.7212546,44.73482894,12.97123236,20.95038161
3571,-73.952918,40.676368,11216,56209,51.7212546,44.73482894,12.97123236,20.95038161
3578,-73.9564947,40.6741806,11216,56209,51.7212546,44.73482894,12.97123236,20.95038161
3579,-73.954131,40.672695,11216,56209,51.7212546,44.73482894,12.97123236,20.95038161
363,-74.01713445,40.70834698,10280,8532,49.91795593,47.50351617,29.12564463,5.028129395
3002,-74.015756,40.711512,10280,8532,49.91795593,47.50351617,29.12564463,5.028129395
379,-73.9916,40.749156,10001,23530,49.69400765,45.41436464,24.71313217,13.69740756
388,-74.00295035,40.74971775,10001,23530,49.69400765,45.41436464,24.71313217,13.69740756
442,-73.993915,40.746647,10001,23530,49.69400765,45.41436464,24.71313217,13.69740756
458,-74.005226,40.751396,10001,23530,49.69400765,45.41436464,24.71313217,13.69740756
486,-73.98855723,40.7462009,10001,23530,49.69400765,45.41436464,24.71313217,13.69740756
489,-74.00176802,40.75066386,10001,23530,49.69400765,45.41436464,24.71313217,13.69740756
490,-73.993934,40.751551,10001,23530,49.69400765,45.41436464,24.71313217,13.69740756
492,-73.99093085,40.75019995,10001,23530,49.69400765,45.41436464,24.71313217,13.69740756
494,-73.99723551,40.74734825,10001,23530,49.69400765,45.41436464,24.71313217,13.69740756
505,-73.98848395,40.74901271,10001,23530,49.69400765,45.41436464,24.71313217,13.69740756
525,-74.0021163,40.75594159,10001,23530,49.69400765,45.41436464,24.71313217,13.69740756
3255,-73.99468482,40.75058535,10001,23530,49.69400765,45.41436464,24.71313217,13.69740756
3259,-73.99923384,40.74937024,10001,23530,49.69400765,45.41436464,24.71313217,13.69740756
3441,-74.00264,40.752957,10001,23530,49.69400765,45.41436464,24.71313217,13.69740756
3712,-73.99740189,40.75469175,10001,23530,49.69400765,45.41436464,24.71313217,13.69740756
3799,-73.98805,40.74964,10001,23530,49.69400765,45.41436464,24.71313217,13.69740756
465,-73.98658032,40.75513557,10036,25646,42.8994775,53.94213523,27.97707245,14.4700928
477,-73.9900262,40.75640548,10036,25646,42.8994775,53.94213523,27.97707245,14.4700928
478,-73.99884222,40.76030096,10036,25646,42.8994775,53.94213523,27.97707245,14.4700928
479,-73.9912551,40.76019252,10036,25646,42.8994775,53.94213523,27.97707245,14.4700928
484,-73.98014437,40.75500254,10036,25646,42.8994775,53.94213523,27.97707245,14.4700928
493,-73.98291153,40.7568001,10036,25646,42.8994775,53.94213523,27.97707245,14.4700928
495,-73.99301222,40.76269882,10036,25646,42.8994775,53.94213523,27.97707245,14.4700928
508,-73.99667444,40.76341379,10036,25646,42.8994775,53.94213523,27.97707245,14.4700928
515,-73.99461843,40.76009437,10036,25646,42.8994775,53.94213523,27.97707245,14.4700928
529,-73.99098507,40.7575699,10036,25646,42.8994775,53.94213523,27.97707245,14.4700928
2021,-73.98859651,40.75929124,10036,25646,42.8994775,53.94213523,27.97707245,14.4700928
3236,-73.99379969,40.75898481,10036,25646,42.8994775,53.94213523,27.97707245,14.4700928
3240,-73.9938587,40.75903008,10036,25646,42.8994775,53.94213523,27.97707245,14.4700928
471,-73.95698119,40.71286844,11211,61194,48.72536523,47.55531588,16.16334935,29.81828284
532,-73.960876,40.710451,11211,61194,48.72536523,47.55531588,16.16334935,29.81828284
539,-73.96024116,40.71534825,11211,61194,48.72536523,47.55531588,16.16334935,29.81828284
3075,-73.95796783,40.70708701,11211,61194,48.72536523,47.55531588,16.16334935,29.81828284
3077,-73.95095259,40.70877084,11211,61194,48.72536523,47.55531588,16.16334935,29.81828284
3078,-73.96063149,40.70924826,11211,61194,48.72536523,47.55531588,16.16334935,29.81828284
3080,-73.95608,40.70934,11211,61194,48.72536523,47.55531588,16.16334935,29.81828284
3081,-73.944024,40.711863,11211,61194,48.72536523,47.55531588,16.16334935,29.81828284
3082,-73.95141312,40.71167351,11211,61194,48.72536523,47.55531588,16.16334935,29.81828284
3083,-73.94100005,40.71247661,11211,61194,48.72536523,47.55531588,16.16334935,29.81828284
3085,-73.95739,40.71469,11211,61194,48.72536523,47.55531588,16.16334935,29.81828284
3086,-73.944507,40.715143,11211,61194,48.72536523,47.55531588,16.16334935,29.81828284
3087,-73.95234386,40.71413311,11211,61194,48.72536523,47.55531588,16.16334935,29.81828284
3088,-73.952029,40.7160751,11211,61194,48.72536523,47.55531588,16.16334935,29.81828284
3094,-73.94485918,40.7169811,11211,61194,48.72536523,47.55531588,16.16334935,29.81828284
3096,-73.95242,40.71924,11211,61194,48.72536523,47.55531588,16.16334935,29.81828284
3453,-73.94910336,40.71335226,11211,61194,48.72536523,47.55531588,16.16334935,29.81828284
3456,-73.94821286,40.71638032,11211,61194,48.72536523,47.55531588,16.16334935,29.81828284
3714,-73.9544354,40.70684203,11211,61194,48.72536523,47.55531588,16.16334935,29.81828284
3715,-73.95520136,40.7181697,11211,61194,48.72536523,47.55531588,16.16334935,29.81828284
3727,-73.94880027,40.71766197,11211,61194,48.72536523,47.55531588,16.16334935,29.81828284
3766,-73.93856,40.715353,11211,61194,48.72536523,47.55531588,16.16334935,29.81828284
3767,-73.93894,40.71323,11211,61194,48.72536523,47.55531588,16.16334935,29.81828284
3772,-73.93515,40.713811,11211,61194,48.72536523,47.55531588,16.16334935,29.81828284
499,-73.98191841,40.76915505,10023,64716,53.03788862,43.68471475,26.07855863,8.339514185
3158,-73.98261428,40.77163851,10023,64716,53.03788862,43.68471475,26.07855863,8.339514185
3159,-73.98266566,40.77492513,10023,64716,53.03788862,43.68471475,26.07855863,8.339514185
3161,-73.97728533,40.78018397,10023,64716,53.03788862,43.68471475,26.07855863,8.339514185
3163,-73.97782542,40.7734066,10023,64716,53.03788862,43.68471475,26.07855863,8.339514185
3164,-73.97898475,40.7770575,10023,64716,53.03788862,43.68471475,26.07855863,8.339514185
3165,-73.97620574,40.77579377,10023,64716,53.03788862,43.68471475,26.07855863,8.339514185
3166,-73.98562431,40.78057799,10023,64716,53.03788862,43.68471475,26.07855863,8.339514185
3167,-73.98093045,40.77966809,10023,64716,53.03788862,43.68471475,26.07855863,8.339514185
3172,-73.97754961,40.7785669,10023,64716,53.03788862,43.68471475,26.07855863,8.339514185
3175,-73.98288594,40.77748046,10023,64716,53.03788862,43.68471475,26.07855863,8.339514185
3356,-73.98470567,40.7746671,10023,64716,53.03788862,43.68471475,26.07855863,8.339514185
3697,-73.98918696,40.77515953,10023,64716,53.03788862,43.68471475,26.07855863,8.339514185
517,-73.97791,40.751581,10168,,,,,
519,-73.977706,40.751873,10168,,,,,
3041,-73.94142771,40.67890679,11213,66002,52.89082149,43.50171207,8.058846702,25.94012303
3042,-73.9298911,40.6794268,11233,70440,53.47671777,42.88756388,8.221181147,28.25951164
3043,-73.934903,40.6814598,11233,70440,53.47671777,42.88756388,8.221181147,28.25951164
3050,-73.94111,40.6851532,11221,82547,50.86435606,45.64429961,7.395786643,28.49770434
3052,-73.935775,40.686312,11221,82547,50.86435606,45.64429961,7.395786643,28.49770434
3054,-73.942061,40.6894932,11221,82547,50.86435606,45.64429961,7.395786643,28.49770434
3057,-73.9452416,40.69128258,11221,82547,50.86435606,45.64429961,7.395786643,28.49770434
3058,-73.93705428,40.69237074,11221,82547,50.86435606,45.64429961,7.395786643,28.49770434
3059,-73.939877,40.6933982,11221,82547,50.86435606,45.64429961,7.395786643,28.49770434
3761,-73.926241,40.697842,11221,82547,50.86435606,45.64429961,7.395786643,28.49770434
3776,-73.92834,40.700003,11221,82547,50.86435606,45.64429961,7.395786643,28.49770434
3060,-73.94626915,40.69425403,11206,86082,50.34850491,45.90390558,7.627610883,35.42668618
3061,-73.94371094,40.69622937,11206,86082,50.34850491,45.90390558,7.627610883,35.42668618
3062,-73.94954908,40.69539817,11206,86082,50.34850491,45.90390558,7.627610883,35.42668618
3064,-73.93756926,40.69681963,11206,86082,50.34850491,45.90390558,7.627610883,35.42668618
3065,-73.95032283,40.70029511,11206,86082,50.34850491,45.90390558,7.627610883,35.42668618
3066,-73.94708417,40.69957608,11206,86082,50.34850491,45.90390558,7.627610883,35.42668618
3067,-73.9437303,40.7016657,11206,86082,50.34850491,45.90390558,7.627610883,35.42668618
3068,-73.940636,40.7031724,11206,86082,50.34850491,45.90390558,7.627610883,35.42668618
3069,-73.94818595,40.70411791,11206,86082,50.34850491,45.90390558,7.627610883,35.42668618
3070,-73.94407279,40.70510918,11206,86082,50.34850491,45.90390558,7.627610883,35.42668618
3071,-73.94976519,40.70538077,11206,86082,50.34850491,45.90390558,7.627610883,35.42668618
3072,-73.94644578,40.70583339,11206,86082,50.34850491,45.90390558,7.627610883,35.42668618
3074,-73.94016171,40.70767788,11206,86082,50.34850491,45.90390558,7.627610883,35.42668618
3076,-73.9448625,40.70870368,11206,86082,50.34850491,45.90390558,7.627610883,35.42668618
3179,-73.941342,40.698617,11206,86082,50.34850491,45.90390558,7.627610883,35.42668618
3454,-73.94705951,40.71036854,11206,86082,50.34850491,45.90390558,7.627610883,35.42668618
3756,-73.9351,40.704508,11206,86082,50.34850491,45.90390558,7.627610883,35.42668618
3757,-73.93372,40.710681,11206,86082,50.34850491,45.90390558,7.627610883,35.42668618
3758,-73.92997,40.702997,11206,86082,50.34850491,45.90390558,7.627610883,35.42668618
3764,-73.93936,40.705517,11206,86082,50.34850491,45.90390558,7.627610883,35.42668618
3765,-73.94008,40.709897,11206,86082,50.34850491,45.90390558,7.627610883,35.42668618
3768,-73.93734,40.71019,11206,86082,50.34850491,45.90390558,7.627610883,35.42668618
3769,-73.93581,40.707174,11206,86082,50.34850491,45.90390558,7.627610883,35.42668618
3770,-73.9333,40.702831,11206,86082,50.34850491,45.90390558,7.627610883,35.42668618
3771,-73.933871,40.706237,11206,86082,50.34850491,45.90390558,7.627610883,35.42668618
3095,-73.94500379,40.71929301,11222,39306,48.15040961,48.09698265,22.54363202,11.86078461
3100,-73.94752622,40.72481256,11222,39306,48.15040961,48.09698265,22.54363202,11.86078461
3102,-73.9504154,40.72179134,11222,39306,48.15040961,48.09698265,22.54363202,11.86078461
3106,-73.94308,40.72325,11222,39306,48.15040961,48.09698265,22.54363202,11.86078461
3107,-73.95212324,40.72311651,11222,39306,48.15040961,48.09698265,22.54363202,11.86078461
3108,-73.94434,40.72557,11222,39306,48.15040961,48.09698265,22.54363202,11.86078461
3109,-73.95621,40.72606,11222,39306,48.15040961,48.09698265,22.54363202,11.86078461
3110,-73.95299117,40.72708584,11222,39306,48.15040961,48.09698265,22.54363202,11.86078461
3112,-73.95779,40.72906,11222,39306,48.15040961,48.09698265,22.54363202,11.86078461
3113,-73.95394,40.73026,11222,39306,48.15040961,48.09698265,22.54363202,11.86078461
3115,-73.9550858,40.73232194,11222,39306,48.15040961,48.09698265,22.54363202,11.86078461
3116,-73.95826,40.73266,11222,39306,48.15040961,48.09698265,22.54363202,11.86078461
3117,-73.95866,40.73564,11222,39306,48.15040961,48.09698265,22.54363202,11.86078461
3118,-73.95284,40.73555,11222,39306,48.15040961,48.09698265,22.54363202,11.86078461
3430,-73.9422369,40.71907891,11222,39306,48.15040961,48.09698265,22.54363202,11.86078461
3449,-73.94800901,40.72146256,11222,39306,48.15040961,48.09698265,22.54363202,11.86078461
3452,-73.94885391,40.71915572,11222,39306,48.15040961,48.09698265,22.54363202,11.86078461
3469,-73.95995021,40.73181402,11222,39306,48.15040961,48.09698265,22.54363202,11.86078461
3668,-73.94984365,40.72395679,11222,39306,48.15040961,48.09698265,22.54363202,11.86078461
3119,-73.95411749,40.74232744,11101,29188,48.10538577,48.05399479,17.54830752,20.42277648
3121,-73.94733276,40.74524768,11101,29188,48.10538577,48.05399479,17.54830752,20.42277648
3122,-73.95587325,40.74436329,11101,29188,48.10538577,48.05399479,17.54830752,20.42277648
3123,-73.93540375,40.74469738,11101,29188,48.10538577,48.05399479,17.54830752,20.42277648
3124,-73.95451,40.74731,11101,29188,48.10538577,48.05399479,17.54830752,20.42277648
3125,-73.94977234,40.74708586,11101,29188,48.10538577,48.05399479,17.54830752,20.42277648
3126,-73.9432635,40.74718234,11101,29188,48.10538577,48.05399479,17.54830752,20.42277648
3127,-73.9521,40.74966,11101,29188,48.10538577,48.05399479,17.54830752,20.42277648
3128,-73.94594845,40.75052534,11101,29188,48.10538577,48.05399479,17.54830752,20.42277648
3129,-73.94073717,40.75110165,11101,29188,48.10538577,48.05399479,17.54830752,20.42277648
3130,-73.94335788,40.75325964,11101,29188,48.10538577,48.05399479,17.54830752,20.42277648
3221,-73.93561,40.743,11101,29188,48.10538577,48.05399479,17.54830752,20.42277648
3554,-73.9485678,40.7552433,11101,29188,48.10538577,48.05399479,17.54830752,20.42277648
3555,-73.93797,40.751047,11101,29188,48.10538577,48.05399479,17.54830752,20.42277648
3556,-73.9397405,40.7527085,11101,29188,48.10538577,48.05399479,17.54830752,20.42277648
3557,-73.945133,40.75742,11101,29188,48.10538577,48.05399479,17.54830752,20.42277648
3559,-73.9391224,40.7576314,11101,29188,48.10538577,48.05399479,17.54830752,20.42277648
3560,-73.934326,40.754876,11101,29188,48.10538577,48.05399479,17.54830752,20.42277648
3561,-73.9279917,40.7531106,11101,29188,48.10538577,48.05399479,17.54830752,20.42277648
3570,-73.9236611,40.7557327,11101,29188,48.10538577,48.05399479,17.54830752,20.42277648
3572,-73.921631,40.756913,11101,29188,48.10538577,48.05399479,17.54830752,20.42277648
3606,-73.948852,40.74252,11101,29188,48.10538577,48.05399479,17.54830752,20.42277648
3608,-73.9566,40.7423737,11101,29188,48.10538577,48.05399479,17.54830752,20.42277648
3611,-73.9534573,40.7449067,11101,29188,48.10538577,48.05399479,17.54830752,20.42277648
3613,-73.957539,40.745038,11101,29188,48.10538577,48.05399479,17.54830752,20.42277648
3615,-73.9460927,40.748,11101,29188,48.10538577,48.05399479,17.54830752,20.42277648
3618,-73.941275,40.7485,11101,29188,48.10538577,48.05399479,17.54830752,20.42277648
3620,-73.9479119,40.7519071,11101,29188,48.10538577,48.05399479,17.54830752,20.42277648
3647,-73.93725872,40.74128309,11101,29188,48.10538577,48.05399479,17.54830752,20.42277648
3654,-73.9334929,40.75186951,11101,29188,48.10538577,48.05399479,17.54830752,20.42277648
3704,-73.94176483,40.74375241,11101,29188,48.10538577,48.05399479,17.54830752,20.42277648
3716,-73.9379561,40.7535992,11101,29188,48.10538577,48.05399479,17.54830752,20.42277648
3726,-73.95960689,40.74336608,11101,29188,48.10538577,48.05399479,17.54830752,20.42277648
3131,-73.96224618,40.7671284,10065,32366,54.33479577,42.81653587,30.18599765,5.357473892
3134,-73.96526895,40.76312584,10065,32366,54.33479577,42.81653587,30.18599765,5.357473892
3136,-73.971518,40.766368,10065,32366,54.33479577,42.81653587,30.18599765,5.357473892
3141,-73.95818491,40.76500525,10065,32366,54.33479577,42.81653587,30.18599765,5.357473892
3142,-73.96094022,40.7612274,10065,32366,54.33479577,42.81653587,30.18599765,5.357473892
3155,-73.96648977,40.76440023,10065,32366,54.33479577,42.81653587,30.18599765,5.357473892
3231,-73.96592081,40.7678008,10065,32366,54.33479577,42.81653587,30.18599765,5.357473892
3355,-73.96845281,40.76800889,10065,32366,54.33479577,42.81653587,30.18599765,5.357473892
3359,-73.96703464,40.7691572,10065,32366,54.33479577,42.81653587,30.18599765,5.357473892
3376,-73.9622207,40.76471852,10065,32366,54.33479577,42.81653587,30.18599765,5.357473892
3135,-73.95772297,40.77112927,10021,48566,54.78935881,41.94498209,31.33879669,4.752295845
3137,-73.96685276,40.77282817,10021,48566,54.78935881,41.94498209,31.33879669,4.752295845
3139,-73.96409422,40.77118288,10021,48566,54.78935881,41.94498209,31.33879669,4.752295845
3152,-73.96119945,40.76873687,10021,48566,54.78935881,41.94498209,31.33879669,4.752295845
3156,-73.95348296,40.76663814,10021,48566,54.78935881,41.94498209,31.33879669,4.752295845
3372,-73.95482273,40.7689738,10021,48566,54.78935881,41.94498209,31.33879669,4.752295845
3375,-73.96060712,40.7699426,10021,48566,54.78935881,41.94498209,31.33879669,4.752295845
3378,-73.96222088,40.773763,10021,48566,54.78935881,41.94498209,31.33879669,4.752295845
3725,-73.95840794,40.76876203,10021,48566,54.78935881,41.94498209,31.33879669,4.752295845
3140,-73.9535166,40.77140426,10075,28866,55.21374628,41.59218458,30.72472805,6.582138156
3143,-73.96427393,40.77632142,10075,28866,55.21374628,41.59218458,30.72472805,6.582138156
3154,-73.95856158,40.77314236,10075,28866,55.21374628,41.59218458,30.72472805,6.582138156
3370,-73.95577801,40.7727966,10075,28866,55.21374628,41.59218458,30.72472805,6.582138156
3145,-73.95772073,40.77862688,10028,48468,53.34653792,43.44103326,29.27085912,5.451019229
3146,-73.9567526,40.77573034,10028,48468,53.34653792,43.44103326,29.27085912,5.451019229
3148,-73.95068615,40.77565541,10028,48468,53.34653792,43.44103326,29.27085912,5.451019229
3150,-73.94803392,40.77536905,10028,48468,53.34653792,43.44103326,29.27085912,5.451019229
3151,-73.94989233,40.7728384,10028,48468,53.34653792,43.44103326,29.27085912,5.451019229
3157,-73.94446054,40.77518615,10028,48468,53.34653792,43.44103326,29.27085912,5.451019229
3362,-73.96069399,40.7781314,10028,48468,53.34653792,43.44103326,29.27085912,5.451019229
3369,-73.9468208,40.7724607,10028,48468,53.34653792,43.44103326,29.27085912,5.451019229
3671,-73.95427465,40.77477945,10028,48468,53.34653792,43.44103326,29.27085912,5.451019229
3747,-73.9551276,40.77755374,10028,48468,53.34653792,43.44103326,29.27085912,5.451019229
3160,-73.97374737,40.77896784,10024,63979,52.07177355,44.7756295,25.36300974,8.07296144
3162,-73.98093133,40.78339981,10024,63979,52.07177355,44.7756295,25.36300974,8.07296144
3168,-73.96961715,40.78472675,10024,63979,52.07177355,44.7756295,25.36300974,8.07296144
3169,-73.98128127,40.78720869,10024,63979,52.07177355,44.7756295,25.36300974,8.07296144
3170,-73.97283406,40.78499979,10024,63979,52.07177355,44.7756295,25.36300974,8.07296144
3171,-73.97667321,40.78524672,10024,63979,52.07177355,44.7756295,25.36300974,8.07296144
3177,-73.977112,40.7867947,10024,63979,52.07177355,44.7756295,25.36300974,8.07296144
3178,-73.98362492,40.78414472,10024,63979,52.07177355,44.7756295,25.36300974,8.07296144
3226,-73.97137,40.78275,10024,63979,52.07177355,44.7756295,25.36300974,8.07296144
3283,-73.97041561,40.7882213,10024,63979,52.07177355,44.7756295,25.36300974,8.07296144
3285,-73.9747,40.78839,10024,63979,52.07177355,44.7756295,25.36300974,8.07296144
3287,-73.97757,40.789622,10024,63979,52.07177355,44.7756295,25.36300974,8.07296144
3289,-73.97288919,40.79017948,10024,63979,52.07177355,44.7756295,25.36300974,8.07296144
3360,-73.9786517,40.7829391,10024,63979,52.07177355,44.7756295,25.36300974,8.07296144
3434,-73.9771834,40.79025417,10024,63979,52.07177355,44.7756295,25.36300974,8.07296144
3437,-73.97700369,40.79313481,10024,63979,52.07177355,44.7756295,25.36300974,8.07296144
3810,-73.971211,40.782593,10024,63979,52.07177355,44.7756295,25.36300974,8.07296144
3173,-73.98888588,40.77750703,10069,6399,52.36755743,45.08516956,30.28598218,10.470386
3182,-74.016966,40.686931,11231,36104,51.22701086,44.97839575,24.09428318,15.81265234
3254,-74.01486576,40.69231661,11231,36104,51.22701086,44.97839575,24.09428318,15.81265234
3303,-73.99440329,40.6849894,11231,36104,51.22701086,44.97839575,24.09428318,15.81265234
3308,-73.99645295,40.6861758,11231,36104,51.22701086,44.97839575,24.09428318,15.81265234
3311,-74.0016256,40.68763155,11231,36104,51.22701086,44.97839575,24.09428318,15.81265234
3315,-73.99917254,40.6847514,11231,36104,51.22701086,44.97839575,24.09428318,15.81265234
3321,-73.99785267,40.6831164,11231,36104,51.22701086,44.97839575,24.09428318,15.81265234
3326,-74.00194698,40.67434,11231,36104,51.22701086,44.97839575,24.09428318,15.81265234
3329,-73.99318208,40.6829151,11231,36104,51.22701086,44.97839575,24.09428318,15.81265234
3330,-74.00494695,40.6725058,11231,36104,51.22701086,44.97839575,24.09428318,15.81265234
3333,-74.0075572,40.6747055,11231,36104,51.22701086,44.97839575,24.09428318,15.81265234
3337,-74.01195556,40.67363551,11231,36104,51.22701086,44.97839575,24.09428318,15.81265234
3340,-74.0100698,40.6753274,11231,36104,51.22701086,44.97839575,24.09428318,15.81265234
3342,-74.0094613,40.6777748,11231,36104,51.22701086,44.97839575,24.09428318,15.81265234
3344,-74.011169,40.679043,11231,36104,51.22701086,44.97839575,24.09428318,15.81265234
3347,-74.01275056,40.6773429,11231,36104,51.22701086,44.97839575,24.09428318,15.81265234
3348,-74.015665,40.677236,11231,36104,51.22701086,44.97839575,24.09428318,15.81265234
3352,-74.00879525,40.67267243,11231,36104,51.22701086,44.97839575,24.09428318,15.81265234
3377,-73.99037292,40.6786115,11231,36104,51.22701086,44.97839575,24.09428318,15.81265234
3381,-73.99364123,40.6777287,11231,36104,51.22701086,44.97839575,24.09428318,15.81265234
3382,-73.99475825,40.680611,11231,36104,51.22701086,44.97839575,24.09428318,15.81265234
3384,-73.99599099,40.6787242,11231,36104,51.22701086,44.97839575,24.09428318,15.81265234
3386,-73.99905709,40.6809591,11231,36104,51.22701086,44.97839575,24.09428318,15.81265234
3388,-73.99990419,40.6828003,11231,36104,51.22701086,44.97839575,24.09428318,15.81265234
3389,-74.00348559,40.6830456,11231,36104,51.22701086,44.97839575,24.09428318,15.81265234
3392,-74.00860912,40.6812117,11231,36104,51.22701086,44.97839575,24.09428318,15.81265234
3393,-74.00785041,40.6794327,11231,36104,51.22701086,44.97839575,24.09428318,15.81265234
3394,-74.00647134,40.6769993,11231,36104,51.22701086,44.97839575,24.09428318,15.81265234
3395,-74.00324957,40.6763744,11231,36104,51.22701086,44.97839575,24.09428318,15.81265234
3396,-74.00014502,40.6783563,11231,36104,51.22701086,44.97839575,24.09428318,15.81265234
3397,-73.99869893,40.6763947,11231,36104,51.22701086,44.97839575,24.09428318,15.81265234
3398,-73.99785768,40.6746957,11231,36104,51.22701086,44.97839575,24.09428318,15.81265234
3422,-74.00242364,40.6859296,11231,36104,51.22701086,44.97839575,24.09428318,15.81265234
3676,-74.01472628,40.67583294,11231,36104,51.22701086,44.97839575,24.09428318,15.81265234
3198,-74.0404433,40.74871595,7307,47028,48.36055116,48.32652888,15.19520286,13.64506252
3210,-74.05178863,40.74267714,7307,47028,48.36055116,48.32652888,15.19520286,13.64506252
3199,-74.0321082,40.7287448,7310,12460,46.08346709,50.40930979,29.18138042,10.76243981
3202,-74.0337589,40.7272235,7310,12460,46.08346709,50.40930979,29.18138042,10.76243981
3791,-74.04696375,40.73520838,7310,12460,46.08346709,50.40930979,29.18138042,10.76243981
3203,-74.04424731,40.72759597,7302,40690,46.97960187,49.49619071,27.30892111,8.636028508
3270,-74.04557169,40.72528911,7302,40690,46.97960187,49.49619071,27.30892111,8.636028508
3276,-74.04281706,40.71458404,7302,40690,46.97960187,49.49619071,27.30892111,8.636028508
3278,-74.04879034,40.72568548,7302,40690,46.97960187,49.49619071,27.30892111,8.636028508
3681,-74.03768331,40.71517768,7302,40690,46.97960187,49.49619071,27.30892111,8.636028508
3206,-74.0575736,40.7311689,7306,55484,46.14843919,50.03965107,18.62699157,19.25960637
3282,-73.95939,40.78307,10128,62514,54.01510062,43.16953003,26.53165691,7.603096906
3284,-73.95595908,40.7814107,10128,62514,54.01510062,43.16953003,26.53165691,7.603096906
3286,-73.9521667,40.7806284,10128,62514,54.01510062,43.16953003,26.53165691,7.603096906
3288,-73.9488134,40.778301,10128,62514,54.01510062,43.16953003,26.53165691,7.603096906
3290,-73.946041,40.7779453,10128,62514,54.01510062,43.16953003,26.53165691,7.603096906
3292,-73.957481,40.7857851,10128,62514,54.01510062,43.16953003,26.53165691,7.603096906
3294,-73.955327,40.7835016,10128,62514,54.01510062,43.16953003,26.53165691,7.603096906
3296,-73.94891962,40.78245418,10128,62514,54.01510062,43.16953003,26.53165691,7.603096906
3305,-73.94965589,40.7811223,10128,62514,54.01510062,43.16953003,26.53165691,7.603096906
3312,-73.94594,40.7817212,10128,62514,54.01510062,43.16953003,26.53165691,7.603096906
3318,-73.9471673,40.7839636,10128,62514,54.01510062,43.16953003,26.53165691,7.603096906
3675,-73.9496854,40.7845968,10128,62514,54.01510062,43.16953003,26.53165691,7.603096906
3293,-73.9739,40.7921,10025,98852,51.80674139,44.0537369,20.24541739,15.16509529
3295,-73.964839,40.79127,10025,98852,51.80674139,44.0537369,20.24541739,15.16509529
3301,-73.968087,40.7919557,10025,98852,51.80674139,44.0537369,20.24541739,15.16509529
3302,-73.96434123,40.7969347,10025,98852,51.80674139,44.0537369,20.24541739,15.16509529
3307,-73.974124,40.7941654,10025,98852,51.80674139,44.0537369,20.24541739,15.16509529
3314,-73.971888,40.7937704,10025,98852,51.80674139,44.0537369,20.24541739,15.16509529
3320,-73.96286845,40.79406661,10025,98852,51.80674139,44.0537369,20.24541739,15.16509529
3323,-73.9605909,40.7981856,10025,98852,51.80674139,44.0537369,20.24541739,15.16509529
3328,-73.9645,40.795,10025,98852,51.80674139,44.0537369,20.24541739,15.16509529
3331,-73.97114574,40.8013434,10025,98852,51.80674139,44.0537369,20.24541739,15.16509529
3341,-73.96186,40.795346,10025,98852,51.80674139,44.0537369,20.24541739,15.16509529
3343,-73.96211287,40.7997568,10025,98852,51.80674139,44.0537369,20.24541739,15.16509529
3350,-73.97041192,40.7973721,10025,98852,51.80674139,44.0537369,20.24541739,15.16509529
3357,-73.96644925,40.8008363,10025,98852,51.80674139,44.0537369,20.24541739,15.16509529
3366,-73.96818053,40.8021174,10025,98852,51.80674139,44.0537369,20.24541739,15.16509529
3383,-73.96699104,40.804213,10025,98852,51.80674139,44.0537369,20.24541739,15.16509529
3538,-73.96295,40.802692,10025,98852,51.80674139,44.0537369,20.24541739,15.16509529
3552,-73.964928,40.805973,10025,98852,51.80674139,44.0537369,20.24541739,15.16509529
3689,-73.9664948,40.79904139,10025,98852,51.80674139,44.0537369,20.24541739,15.16509529
3297,-73.97988067,40.6686627,11215,68763,50.74240507,45.57829065,25.46573012,7.525849658
3300,-73.97637606,40.66514682,11215,68763,50.74240507,45.57829065,25.46573012,7.525849658
3304,-73.98377641,40.668127,11215,68763,50.74240507,45.57829065,25.46573012,7.525849658
3306,-73.98199886,40.6662078,11215,68763,50.74240507,45.57829065,25.46573012,7.525849658
3310,-73.98396846,40.663779,11215,68763,50.74240507,45.57829065,25.46573012,7.525849658
3313,-73.9854617,40.6663181,11215,68763,50.74240507,45.57829065,25.46573012,7.525849658
3317,-73.98700053,40.6686273,11215,68763,50.74240507,45.57829065,25.46573012,7.525849658
3319,-73.98895053,40.666287,11215,68763,50.74240507,45.57829065,25.46573012,7.525849658
3322,-73.9904394,40.668603,11215,68763,50.74240507,45.57829065,25.46573012,7.525849658
3324,-73.99333264,40.6685455,11215,68763,50.74240507,45.57829065,25.46573012,7.525849658
3335,-73.98282002,40.6772744,11215,68763,50.74240507,45.57829065,25.46573012,7.525849658
3354,-73.97363831,40.668132,11215,68763,50.74240507,45.57829065,25.46573012,7.525849658
3358,-73.97484126,40.6711978,11215,68763,50.74240507,45.57829065,25.46573012,7.525849658
3361,-73.9787282,40.6740886,11215,68763,50.74240507,45.57829065,25.46573012,7.525849658
3364,-73.9814832,40.6751622,11215,68763,50.74240507,45.57829065,25.46573012,7.525849658
3365,-73.97839676,40.6703837,11215,68763,50.74240507,45.57829065,25.46573012,7.525849658
3368,-73.98352355,40.6728155,11215,68763,50.74240507,45.57829065,25.46573012,7.525849658
3373,-73.98775226,40.6750705,11215,68763,50.74240507,45.57829065,25.46573012,7.525849658
3399,-73.98983002,40.67260298,11215,68763,50.74240507,45.57829065,25.46573012,7.525849658
3403,-73.98876585,40.6705135,11215,68763,50.74240507,45.57829065,25.46573012,7.525849658
3404,-73.98541675,40.6704922,11215,68763,50.74240507,45.57829065,25.46573012,7.525849658
3405,-73.98208968,40.6704836,11215,68763,50.74240507,45.57829065,25.46573012,7.525849658
3407,-73.98765475,40.679098,11215,68763,50.74240507,45.57829065,25.46573012,7.525849658
3423,-73.97945255,40.66106337,11215,68763,50.74240507,45.57829065,25.46573012,7.525849658
3762,-73.9865,40.677027,11215,68763,50.74240507,45.57829065,25.46573012,7.525849658
3795,-73.993612,40.671907,11215,68763,50.74240507,45.57829065,25.46573012,7.525849658
3299,-73.95206,40.78813,10029,83827,51.82578406,44.33177854,8.706025505,26.22066876
3309,-73.94860294,40.7859201,10029,83827,51.82578406,44.33177854,8.706025505,26.22066876
3327,-73.94728331,40.7877214,10029,83827,51.82578406,44.33177854,8.706025505,26.22066876
3336,-73.953559,40.787801,10029,83827,51.82578406,44.33177854,8.706025505,26.22066876
3338,-73.94552579,40.7862586,10029,83827,51.82578406,44.33177854,8.706025505,26.22066876
3345,-73.9524293,40.78948542,10029,83827,51.82578406,44.33177854,8.706025505,26.22066876
3351,-73.94164802,40.7869946,10029,83827,51.82578406,44.33177854,8.706025505,26.22066876
3363,-73.95033068,40.7904828,10029,83827,51.82578406,44.33177854,8.706025505,26.22066876
3367,-73.95249933,40.7922553,10029,83827,51.82578406,44.33177854,8.706025505,26.22066876
3379,-73.94755757,40.7903051,10029,83827,51.82578406,44.33177854,8.706025505,26.22066876
3387,-73.94945003,40.7934337,10029,83827,51.82578406,44.33177854,8.706025505,26.22066876
3390,-73.9432083,40.79329668,10029,83827,51.82578406,44.33177854,8.706025505,26.22066876
3391,-73.93956237,40.7892529,10029,83827,51.82578406,44.33177854,8.706025505,26.22066876
3400,-73.94782145,40.7961535,10029,83827,51.82578406,44.33177854,8.706025505,26.22066876
3424,-73.945993,40.791976,10029,83827,51.82578406,44.33177854,8.706025505,26.22066876
3425,-73.94370784,40.7892105,10029,83827,51.82578406,44.33177854,8.706025505,26.22066876
3490,-73.937261,40.796879,10029,83827,51.82578406,44.33177854,8.706025505,26.22066876
3494,-73.9423,40.797911,10029,83827,51.82578406,44.33177854,8.706025505,26.22066876
3495,-73.9362541,40.7945663,10029,83827,51.82578406,44.33177854,8.706025505,26.22066876
3496,-73.9383,40.7923272,10029,83827,51.82578406,44.33177854,8.706025505,26.22066876
3497,-73.9333349,40.7949879,10029,83827,51.82578406,44.33177854,8.706025505,26.22066876
3500,-73.944846,40.7989445,10029,83827,51.82578406,44.33177854,8.706025505,26.22066876
3502,-73.9441232,40.7954121,10029,83827,51.82578406,44.33177854,8.706025505,26.22066876
3551,-73.941606,40.795508,10029,83827,51.82578406,44.33177854,8.706025505,26.22066876
3374,-73.955613,40.799484,10026,33350,51.1844078,45.1874063,15.57121439,25.76611694
3509,-73.9500739,40.8011939,10026,33350,51.1844078,45.1874063,15.57121439,25.76611694
3511,-73.9532423,40.802535,10026,33350,51.1844078,45.1874063,15.57121439,25.76611694
3520,-73.951475,40.804372,10026,33350,51.1844078,45.1874063,15.57121439,25.76611694
3521,-73.9523,40.7987859,10026,33350,51.1844078,45.1874063,15.57121439,25.76611694
3534,-73.954692,40.805159,10026,33350,51.1844078,45.1874063,15.57121439,25.76611694
3553,-73.957145,40.801694,10026,33350,51.1844078,45.1874063,15.57121439,25.76611694
3628,-73.9490782,40.8025566,10026,33350,51.1844078,45.1874063,15.57121439,25.76611694
3630,-73.9559308,40.8038654,10026,33350,51.1844078,45.1874063,15.57121439,25.76611694
3426,-74.06860113,40.70965083,7304,43751,50.65255651,45.94866403,13.85339764,19.22013211
3477,-74.01062787,40.65539977,11232,29818,44.11764706,52.28385539,9.55798511,22.70105306
3478,-74.00870204,40.65708867,11232,29818,44.11764706,52.28385539,9.55798511,22.70105306
3491,-73.93504,40.79747,10035,34950,47.6795422,47.65379113,9.135908441,37.79971388
3492,-73.9419949,40.8005385,10035,34950,47.6795422,47.65379113,9.135908441,37.79971388
3493,-73.9389152,40.799139,10035,34950,47.6795422,47.65379113,9.135908441,37.79971388
3498,-73.9311847,40.7974772,10035,34950,47.6795422,47.65379113,9.135908441,37.79971388
3499,-73.9349,40.8006721,10035,34950,47.6795422,47.65379113,9.135908441,37.79971388
3501,-73.9442507,40.8014866,10035,34950,47.6795422,47.65379113,9.135908441,37.79971388
3503,-73.942954,40.80295,10035,34950,47.6795422,47.65379113,9.135908441,37.79971388
3504,-73.9379,40.8029263,10035,34950,47.6795422,47.65379113,9.135908441,37.79971388
3505,-73.936322,40.805726,10035,34950,47.6795422,47.65379113,9.135908441,37.79971388
3506,-73.9398167,40.8013066,10035,34950,47.6795422,47.65379113,9.135908441,37.79971388
3507,-73.9396861,40.8045555,10035,34950,47.6795422,47.65379113,9.135908441,37.79971388
3527,-73.941747,40.80698,10035,34950,47.6795422,47.65379113,9.135908441,37.79971388
3535,-73.945925,40.804038,10035,34950,47.6795422,47.65379113,9.135908441,37.79971388
3622,-73.939182,40.80756,10035,34950,47.6795422,47.65379113,9.135908441,37.79971388
3508,-73.953149,40.809725,10027,64805,51.401898,42.69732274,11.27536456,23.26363707
3510,-73.949373,40.8078316,10027,64805,51.401898,42.69732274,11.27536456,23.26363707
3518,-73.9452087,40.808442,10027,64805,51.401898,42.69732274,11.27536456,23.26363707
3529,-73.9430681,40.8107922,10027,64805,51.401898,42.69732274,11.27536456,23.26363707
3531,-73.9492286,40.8125511,10027,64805,51.401898,42.69732274,11.27536456,23.26363707
3533,-73.9518776,40.8114323,10027,64805,51.401898,42.69732274,11.27536456,23.26363707
3536,-73.9641,40.8082,10027,64805,51.401898,42.69732274,11.27536456,23.26363707
3539,-73.9607082,40.8067581,10027,64805,51.401898,42.69732274,11.27536456,23.26363707
3540,-73.9551508,40.81,10027,64805,51.401898,42.69732274,11.27536456,23.26363707
3541,-73.956461,40.813358,10027,64805,51.401898,42.69732274,11.27536456,23.26363707
3542,-73.9596214,40.8086249,10027,64805,51.401898,42.69732274,11.27536456,23.26363707
3543,-73.95736456,40.81028506,10027,64805,51.401898,42.69732274,11.27536456,23.26363707
3545,-73.9612547,40.8120562,10027,64805,51.401898,42.69732274,11.27536456,23.26363707
3547,-73.9590255,40.8143256,10027,64805,51.401898,42.69732274,11.27536456,23.26363707
3623,-73.9634,40.8109494,10027,64805,51.401898,42.69732274,11.27536456,23.26363707
3629,-73.94776493,40.80949535,10027,64805,51.401898,42.69732274,11.27536456,23.26363707
3649,-73.95324737,40.81439444,10027,64805,51.401898,42.69732274,11.27536456,23.26363707
3512,-73.9337894,40.7747175,11102,37881,48.3989335,48.1455083,19.69588976,16.02650405
3513,-73.923706,40.774645,11102,37881,48.3989335,48.1455083,19.69588976,16.02650405
3514,-73.927631,40.7767,11102,37881,48.3989335,48.1455083,19.69588976,16.02650405
3515,-73.918544,40.774591,11102,37881,48.3989335,48.1455083,19.69588976,16.02650405
3516,-73.9184057,40.7699176,11102,37881,48.3989335,48.1455083,19.69588976,16.02650405
3517,-73.9170074,40.7711528,11102,37881,48.3989335,48.1455083,19.69588976,16.02650405
3523,-73.916142,40.7729,11102,37881,48.3989335,48.1455083,19.69588976,16.02650405
3524,-73.9225403,40.7774552,11102,37881,48.3989335,48.1455083,19.69588976,16.02650405
3609,-73.9354504,40.7692475,11102,37881,48.3989335,48.1455083,19.69588976,16.02650405
3610,-73.934171,40.770845,11102,37881,48.3989335,48.1455083,19.69588976,16.02650405
3612,-73.9286078,40.7703743,11102,37881,48.3989335,48.1455083,19.69588976,16.02650405
3614,-73.9249574,40.768692,11102,37881,48.3989335,48.1455083,19.69588976,16.02650405
3619,-73.9246145,40.7713615,11102,37881,48.3989335,48.1455083,19.69588976,16.02650405
3621,-73.9309134,40.7739825,11102,37881,48.3989335,48.1455083,19.69588976,16.02650405
3721,-73.92093346,40.76754878,11102,37881,48.3989335,48.1455083,19.69588976,16.02650405
3522,-73.9120938,40.7701477,11105,36869,49.32870433,47.37584421,20.05478858,13.12484743
3525,-73.9153175,40.776165,11105,36869,49.32870433,47.37584421,20.05478858,13.12484743
3526,-73.9125551,40.7747878,11105,36869,49.32870433,47.37584421,20.05478858,13.12484743
3528,-73.9077436,40.7713937,11105,36869,49.32870433,47.37584421,20.05478858,13.12484743
3530,-73.9145645,40.7787185,11105,36869,49.32870433,47.37584421,20.05478858,13.12484743
3532,-73.9183302,40.78145,11105,36869,49.32870433,47.37584421,20.05478858,13.12484743
3563,-73.932719,40.757186,11106,43490,49.43895148,47.10048287,17.80409289,20.57944355
3564,-73.9362726,40.7601853,11106,43490,49.43895148,47.10048287,17.80409289,20.57944355
3565,-73.9411265,40.7614376,11106,43490,49.43895148,47.10048287,17.80409289,20.57944355
3566,-73.9321455,40.7596276,11106,43490,49.43895148,47.10048287,17.80409289,20.57944355
3567,-73.9391141,40.7627442,11106,43490,49.43895148,47.10048287,17.80409289,20.57944355
3568,-73.9262231,40.7569332,11106,43490,49.43895148,47.10048287,17.80409289,20.57944355
3573,-73.9242751,40.7580583,11106,43490,49.43895148,47.10048287,17.80409289,20.57944355
3575,-73.930562,40.76108,11106,43490,49.43895148,47.10048287,17.80409289,20.57944355
3577,-73.9342862,40.7628138,11106,43490,49.43895148,47.10048287,17.80409289,20.57944355
3586,-73.9364848,40.7638753,11106,43490,49.43895148,47.10048287,17.80409289,20.57944355
3588,-73.9373554,40.7671863,11106,43490,49.43895148,47.10048287,17.80409289,20.57944355
3589,-73.9347774,40.7668,11106,43490,49.43895148,47.10048287,17.80409289,20.57944355
3591,-73.930819,40.7659,11106,43490,49.43895148,47.10048287,17.80409289,20.57944355
3592,-73.9286471,40.7633589,11106,43490,49.43895148,47.10048287,17.80409289,20.57944355
3593,-73.925921,40.761584,11106,43490,49.43895148,47.10048287,17.80409289,20.57944355
3595,-73.9222427,40.760339,11106,43490,49.43895148,47.10048287,17.80409289,20.57944355
3602,-73.920827,40.763154,11106,43490,49.43895148,47.10048287,17.80409289,20.57944355
3603,-73.9240312,40.7647,11106,43490,49.43895148,47.10048287,17.80409289,20.57944355
3605,-73.9265474,40.7658346,11106,43490,49.43895148,47.10048287,17.80409289,20.57944355
3607,-73.9322662,40.7682,11106,43490,49.43895148,47.10048287,17.80409289,20.57944355
3646,-73.9398551,40.76315482,11106,43490,49.43895148,47.10048287,17.80409289,20.57944355
3745,-73.92957486,40.75651273,11106,43490,49.43895148,47.10048287,17.80409289,20.57944355
3584,-73.9576801,40.6707767,11225,62507,53.15404675,43.01438239,11.37472603,21.15603052
3585,-73.9554162,40.6691783,11225,62507,53.15404675,43.01438239,11.37472603,21.15603052
3587,-73.9618148,40.6686744,11225,62507,53.15404675,43.01438239,11.37472603,21.15603052
3590,-73.9588,40.6679411,11225,62507,53.15404675,43.01438239,11.37472603,21.15603052
3596,-73.9574686,40.6642406,11225,62507,53.15404675,43.01438239,11.37472603,21.15603052
3599,-73.9605695,40.66314,11225,62507,53.15404675,43.01438239,11.37472603,21.15603052
3601,-73.9569115,40.6627059,11225,62507,53.15404675,43.01438239,11.37472603,21.15603052
3604,-73.9538746,40.6630619,11225,62507,53.15404675,43.01438239,11.37472603,21.15603052
3661,-73.96055639,40.66643931,11225,62507,53.15404675,43.01438239,11.37472603,21.15603052
3803,-73.956934,40.665816,11225,62507,53.15404675,43.01438239,11.37472603,21.15603052
3597,-73.9166368,40.7577284,11103,36715,47.99945526,48.66131009,20.85795996,13.49584638
3598,-73.9142678,40.7595701,11103,36715,47.99945526,48.66131009,20.85795996,13.49584638
3616,-73.9136695,40.7656251,11103,36715,47.99945526,48.66131009,20.85795996,13.49584638
3617,-73.9169858,40.7671,11103,36715,47.99945526,48.66131009,20.85795996,13.49584638
3662,-73.91691685,40.7612939,11103,36715,47.99945526,48.66131009,20.85795996,13.49584638
3691,-73.91065121,40.76408932,11103,36715,47.99945526,48.66131009,20.85795996,13.49584638
3680,-73.98025185,40.75412081,10175,,,,,
3759,-73.92535,40.70538,11237,50939,46.19250476,50.32097214,6.753175367,28.23769607
3760,-73.92153,40.705614,11237,50939,46.19250476,50.32097214,6.753175367,28.23769607
3763,-73.923711,40.707165,11237,50939,46.19250476,50.32097214,6.753175367,28.23769607
3773,-73.92976,40.70539,11237,50939,46.19250476,50.32097214,6.753175367,28.23769607
3774,-73.92836,40.704425,11237,50939,46.19250476,50.32097214,6.753175367,28.23769607
3775,-73.923769,40.702013,11237,50939,46.19250476,50.32097214,6.753175367,28.23769607
3777,-73.923044,40.699304,11237,50939,46.19250476,50.32097214,6.753175367,28.23769607
3778,-73.92095,40.7027,11237,50939,46.19250476,50.32097214,6.753175367,28.23769607
3779,-73.919911,40.704876,11237,50939,46.19250476,50.32097214,6.753175367,28.23769607
3781,-73.918877,40.698568,11237,50939,46.19250476,50.32097214,6.753175367,28.23769607
